Name,NScore,Designation,DScore
Jose Luis,0.01944012939929962,None,0.002965174615383148
Jose Luis,0.1227804571390152,Google Cloud customer,0.1439322829246521
Jose Luis,0.028578568249940872,None,0.0004196186491753906
