Name,NScore,Designation,DScore
Jose Luis Rosell,0.35862937569618225,CIO of Acciona’s Services Division,0.9921888113021851
Jose Luis,0.019050996750593185,None,9.497588507656474e-06
Jose Luis,0.016663234680891037,CIO,0.5408542156219482
Jose Luis of the fast-growing scale of the project,0.1635625809431076,None,0.00044260849244892597
