Name,NScore,Designation,DScore
",",0.23757587373256683,",",0.22649072110652924
Jose Luis Rosell,0.9267266392707825,CIO of Acciona’s Services Division,0.9662349820137024
Jose Luis,0.9768931269645691,CIO,0.9691077470779419
Jose Luis,0.9470658898353577,None,1.4678888646812993e-06
",",0.23757587373256683,",",0.22649072110652924
