Name,NScore,Designation,DScore
Altostratus,0.5356231927871704,Cloud expert,0.9850181341171265
Jose Luis Rosell,0.7918853163719177,CIO of Acciona’s Services Division,0.9301683902740479
Jose Luis,0.4981745779514313,None,2.5135358328043367e-07
Jose Luis,0.8298448324203491,None,0.00042688369285315275
Jose Luis,0.9685156941413879,CIO,0.9694954752922058
Jose Luis,0.9872683882713318,None,7.063579232635675e-06
Altostratus,0.5356231927871704,Cloud expert,0.9850181341171265
