Name,NScore,Designation,DScore
Altostratus,0.02227749675512314,None,0.036745645105838776
"Jose Luis Rosell,",0.08443700522184372,CIO of Acciona’s Services Division.,0.9686110019683838
Jose Luis,0.368966281414032,CIO,0.9624093174934387
Jose Luis,0.5127285718917847,None,0.0005680097965523601
Altostratus,0.02227749675512314,None,0.036745645105838776
